{
  "6920.TSE": 47412633562.500015,
  "6146.TSE": 56211668349.999985,
  "8035.TSE": 32994242524.99999,
  "7011.TSE": 53135172322.50001,
  "6857.TSE": 73800230832.5,
  "8306.TSE": 20020999986.25,
  "9984.TSE": 25959467239.99999,
  "7203.TSE": 14658294767.500004,
  "8316.TSE": 10443980342.5,
  "9983.TSE": 11204826725.000002,
  "6758.TSE": 11888944337.500004,
  "6501.TSE": 10998964160.0,
  "7974.TSE": 24856395875.0,
  "8411.TSE": 8954693129.999998,
  "7012.TSE": 24937329987.500008,
  "6861.TSE": 8952768150.000002,
  "7013.TSE": 32521730387.5,
  "5803.TSE": 32964619467.499992,
  "6526.TSE": 13416144913.750002,
  "4063.TSE": 6020512412.499998,
  "6098.TSE": 8715443325.0,
  "8058.TSE": 5648121769.999998,
  "6723.TSE": 7438479274.999997,
  "9104.TSE": 4060800305.000001,
  "9107.TSE": 3088067759.999999,
  "9432.TSE": 5494823168.750002,
  "9101.TSE": 4182308602.499999,
  "7267.TSE": 5603399851.250002,
  "9501.TSE": 5488390667.999998,
  "8766.TSE": 5482125870.0,
  "7735.TSE": 4146188062.5,
  "4755.TSE": 2660104776.0,
  "8001.TSE": 4384930532.5,
  "2914.TSE": 4640480069.999999,
  "8031.TSE": 3380216027.5,
  "6367.TSE": 3628866249.999999,
  "4568.TSE": 4673323477.499999,
  "7003.TSE": 6930590922.499997,
  "9433.TSE": 3582949272.5000014,
  "4502.TSE": 3103358570.0000005,
  "7201.TSE": 1751519541.75,
  "5401.TSE": 5809515883.750002,
  "6315.TSE": 2816604185.0,
  "6594.TSE": 2764028275.0000005,
  "6981.TSE": 3451087562.5,
  "4385.TSE": 3978713420.0,
  "7741.TSE": 3331683312.500001,
  "4661.TSE": 2374345597.5,
  "3382.TSE": 3123701879.9999995,
  "1306.TSE": 1.0
}